ParticipantID,Timestamp,ExperimentMode,TaskType,GlobalTrial,Condition,TrialInCondition,TargetInterval,ChosenInterval,Correct,StrengthBefore,StrengthAfter,IntensityLevel,ReversalCount,ReversalHappened,ThresholdEstimate,ReactionTime
GYX,2026-03-11T19:59:06.553605,Experiment 2,threshold,1,ULM_L,1,B,B,1,77.48,77.48,0.8799988776426297,0,0,77.48,3.018211841583252
GYX,2026-03-11T19:59:12.305747,Experiment 2,threshold,2,DLM_3,1,A,A,1,77.48,77.48,0.8799988776426297,0,0,77.48,0.3459458351135254
GYX,2026-03-11T19:59:17.809704,Experiment 2,threshold,3,DLM_2,1,B,B,1,77.48,77.48,0.8799988776426297,0,0,77.48,0.536433219909668
GYX,2026-03-11T19:59:23.136747,Experiment 2,threshold,4,LM_C,1,A,A,1,77.48,77.48,0.8799988776426297,0,0,77.48,0.24465346336364746
GYX,2026-03-11T19:59:28.216698,Experiment 2,threshold,5,LM_L,1,B,B,1,77.48,77.48,0.8799988776426297,0,0,77.48,0.30899667739868164
GYX,2026-03-11T19:59:33.505619,Experiment 2,threshold,6,ULM_L,2,A,A,1,77.48,77.48,0.8799988776426297,0,0,77.48,0.2543675899505615
GYX,2026-03-11T19:59:38.881052,Experiment 2,threshold,7,DLM_3,2,A,A,1,77.48,77.48,0.8799988776426297,0,0,77.48,0.3100132942199707
GYX,2026-03-11T19:59:44.658235,Experiment 2,threshold,8,DLM_2,2,A,A,1,77.48,77.48,0.8799988776426297,0,0,77.48,0.8086097240447998
GYX,2026-03-11T19:59:52.728829,Experiment 2,threshold,9,LM_C,2,B,B,1,77.48,77.48,0.8799988776426297,0,0,77.48,0.3283205032348633
GYX,2026-03-11T19:59:58.608864,Experiment 2,threshold,10,LM_L,2,B,B,1,77.48,77.48,0.8799988776426297,0,0,77.48,0.26621007919311523
GYX,2026-03-11T20:00:03.776080,Experiment 2,threshold,11,ULM_L,3,A,A,1,77.48,64.5,0.8799988776426297,0,0,64.5,0.3504807949066162
GYX,2026-03-11T20:00:08.689362,Experiment 2,threshold,12,DLM_3,3,A,A,1,77.48,64.5,0.8799988776426297,0,0,64.5,0.02344655990600586
GYX,2026-03-11T20:00:13.881114,Experiment 2,threshold,13,DLM_2,3,A,A,1,77.48,64.5,0.8799988776426297,0,0,64.5,0.13199186325073242
GYX,2026-03-11T20:00:19.017437,Experiment 2,threshold,14,LM_C,3,B,B,1,77.48,64.5,0.8799988776426297,0,0,64.5,0.2602541446685791
GYX,2026-03-11T20:00:24.417203,Experiment 2,threshold,15,LM_L,3,B,B,1,77.48,64.5,0.8799988776426297,0,0,64.5,0.2643141746520996
GYX,2026-03-11T20:00:29.456981,Experiment 2,threshold,16,ULM_L,4,B,B,1,64.5,64.5,0.7199695849279576,0,0,64.5,0.2861208915710449
GYX,2026-03-11T20:00:34.528488,Experiment 2,threshold,17,DLM_3,4,B,B,1,64.5,64.5,0.7199695849279576,0,0,64.5,0.2694664001464844
GYX,2026-03-11T20:00:39.825868,Experiment 2,threshold,18,DLM_2,4,A,A,1,64.5,64.5,0.7199695849279576,0,0,64.5,0.5945713520050049
GYX,2026-03-11T20:00:44.976426,Experiment 2,threshold,19,LM_C,4,B,B,1,64.5,64.5,0.7199695849279576,0,0,64.5,0.3007843494415283
GYX,2026-03-11T20:00:50.081064,Experiment 2,threshold,20,LM_L,4,A,A,1,64.5,64.5,0.7199695849279576,0,0,64.5,0.3368215560913086
GYX,2026-03-11T20:00:55.185162,Experiment 2,threshold,21,ULM_L,5,B,B,1,64.5,64.5,0.7199695849279576,0,0,64.5,0.31603145599365234
GYX,2026-03-11T20:01:00.793990,Experiment 2,threshold,22,DLM_3,5,B,B,1,64.5,64.5,0.7199695849279576,0,0,64.5,0.7735545635223389
GYX,2026-03-11T20:01:06.024883,Experiment 2,threshold,23,DLM_2,5,B,B,1,64.5,64.5,0.7199695849279576,0,0,64.5,0.2993178367614746
GYX,2026-03-11T20:01:11.448297,Experiment 2,threshold,24,LM_C,5,A,A,1,64.5,64.5,0.7199695849279576,0,0,64.5,0.2842283248901367
GYX,2026-03-11T20:01:16.592675,Experiment 2,threshold,25,LM_L,5,A,A,1,64.5,64.5,0.7199695849279576,0,0,64.5,0.2769603729248047
GYX,2026-03-11T20:01:21.649641,Experiment 2,threshold,26,ULM_L,6,A,A,1,64.5,53.83,0.7199695849279576,0,0,53.83,0.27579188346862793
GYX,2026-03-11T20:01:27.248474,Experiment 2,threshold,27,DLM_3,6,A,A,1,64.5,53.83,0.7199695849279576,0,0,53.83,0.6245138645172119
GYX,2026-03-11T20:01:32.407205,Experiment 2,threshold,28,DLM_2,6,A,A,1,64.5,53.83,0.7199695849279576,0,0,53.83,0.34680724143981934
GYX,2026-03-11T20:01:37.584688,Experiment 2,threshold,29,LM_C,6,A,A,1,64.5,53.83,0.7199695849279576,0,0,53.83,0.288893461227417
GYX,2026-03-11T20:01:42.713163,Experiment 2,threshold,30,LM_L,6,A,A,1,64.5,53.83,0.7199695849279576,0,0,53.83,0.2732081413269043
GYX,2026-03-11T20:01:47.960759,Experiment 2,threshold,31,ULM_L,7,A,A,1,53.83,53.83,0.5600164384351866,0,0,53.83,0.43192577362060547
GYX,2026-03-11T20:01:53.056254,Experiment 2,threshold,32,DLM_3,7,B,B,1,53.83,53.83,0.5600164384351866,0,0,53.83,0.3150668144226074
GYX,2026-03-11T20:01:58.393131,Experiment 2,threshold,33,DLM_2,7,B,B,1,53.83,53.83,0.5600164384351866,0,0,53.83,0.27490735054016113
GYX,2026-03-11T20:02:04.712749,Experiment 2,threshold,34,LM_C,7,A,A,1,53.83,53.83,0.5600164384351866,0,0,53.83,1.6127192974090576
GYX,2026-03-11T20:02:09.744815,Experiment 2,threshold,35,LM_L,7,A,A,1,53.83,53.83,0.5600164384351866,0,0,53.83,0.28606748580932617
GYX,2026-03-11T20:02:14.872451,Experiment 2,threshold,36,ULM_L,8,B,B,1,53.83,53.83,0.5600164384351866,0,0,53.83,0.29164838790893555
GYX,2026-03-11T20:02:19.856602,Experiment 2,threshold,37,DLM_3,8,A,A,1,53.83,53.83,0.5600164384351866,0,0,53.83,0.2650299072265625
GYX,2026-03-11T20:02:24.967875,Experiment 2,threshold,38,DLM_2,8,A,A,1,53.83,53.83,0.5600164384351866,0,0,53.83,0.2595481872558594
GYX,2026-03-11T20:02:30.041046,Experiment 2,threshold,39,LM_C,8,A,A,1,53.83,53.83,0.5600164384351866,0,0,53.83,0.24369478225708008
GYX,2026-03-11T20:02:35.096736,Experiment 2,threshold,40,LM_L,8,A,A,1,53.83,53.83,0.5600164384351866,0,0,53.83,0.3108096122741699
GYX,2026-03-11T20:02:40.065228,Experiment 2,threshold,41,ULM_L,9,A,A,1,53.83,43.59,0.5600164384351866,0,0,43.59,0.25136828422546387
GYX,2026-03-11T20:02:45.113599,Experiment 2,threshold,42,DLM_3,9,A,A,1,53.83,43.59,0.5600164384351866,0,0,43.59,0.27553415298461914
GYX,2026-03-11T20:02:50.297107,Experiment 2,threshold,43,DLM_2,9,B,B,1,53.83,43.59,0.5600164384351866,0,0,43.59,0.24945735931396484
GYX,2026-03-11T20:02:55.312639,Experiment 2,threshold,44,LM_C,9,A,A,1,53.83,43.59,0.5600164384351866,0,0,43.59,0.27500200271606445
GYX,2026-03-11T20:03:00.585009,Experiment 2,threshold,45,LM_L,9,B,B,1,53.83,43.59,0.5600164384351866,0,0,43.59,0.5176656246185303
GYX,2026-03-11T20:03:05.688243,Experiment 2,threshold,46,ULM_L,10,B,B,1,43.59,43.59,0.39999109940126676,0,0,43.59,0.31578564643859863
GYX,2026-03-11T20:03:10.816369,Experiment 2,threshold,47,DLM_3,10,B,B,1,43.59,43.59,0.39999109940126676,0,0,43.59,0.41145753860473633
GYX,2026-03-11T20:03:15.896050,Experiment 2,threshold,48,DLM_2,10,A,A,1,43.59,43.59,0.39999109940126676,0,0,43.59,0.2827110290527344
GYX,2026-03-11T20:03:21.008929,Experiment 2,threshold,49,LM_C,10,B,B,1,43.59,43.59,0.39999109940126676,0,0,43.59,0.30991387367248535
GYX,2026-03-11T20:03:26.201053,Experiment 2,threshold,50,LM_L,10,A,B,0,43.59,53.83,0.39999109940126676,1,1,43.59,0.34769725799560547
GYX,2026-03-11T20:03:32.025517,Experiment 2,threshold,51,ULM_L,11,A,A,1,43.59,43.59,0.39999109940126676,0,0,43.59,0.39368391036987305
GYX,2026-03-11T20:03:37.528716,Experiment 2,threshold,52,DLM_3,11,B,B,1,43.59,43.59,0.39999109940126676,0,0,43.59,0.3011906147003174
GYX,2026-03-11T20:03:42.696383,Experiment 2,threshold,53,DLM_2,11,A,A,1,43.59,43.59,0.39999109940126676,0,0,43.59,0.26430439949035645
GYX,2026-03-11T20:03:47.865724,Experiment 2,threshold,54,LM_C,11,A,A,1,43.59,43.59,0.39999109940126676,0,0,43.59,0.31623411178588867
GYX,2026-03-11T20:03:53.152459,Experiment 2,threshold,55,LM_L,11,A,A,1,53.83,53.83,0.5600164384351866,1,0,43.59,0.2841463088989258
GYX,2026-03-11T20:03:57.952045,Experiment 2,threshold,56,ULM_L,12,A,A,1,43.59,32.59,0.39999109940126676,0,0,32.59,0.027426958084106445
GYX,2026-03-11T20:04:03.055245,Experiment 2,threshold,57,DLM_3,12,A,A,1,43.59,32.59,0.39999109940126676,0,0,32.59,0.2414255142211914
GYX,2026-03-11T20:04:08.775919,Experiment 2,threshold,58,DLM_2,12,B,B,1,43.59,32.59,0.39999109940126676,0,0,32.59,0.33899736404418945
GYX,2026-03-11T20:04:14.439680,Experiment 2,threshold,59,LM_C,12,A,A,1,43.59,32.59,0.39999109940126676,0,0,32.59,0.424271821975708
GYX,2026-03-11T20:04:19.480236,Experiment 2,threshold,60,LM_L,12,A,A,1,53.83,53.83,0.5600164384351866,1,0,43.59,0.28844475746154785
GYX,2026-03-11T20:04:26.184352,Experiment 2,threshold,61,ULM_L,13,B,B,1,32.59,32.59,0.23995715193265368,0,0,32.59,1.7030696868896484
GYX,2026-03-11T20:04:31.231706,Experiment 2,threshold,62,DLM_3,13,B,B,1,32.59,32.59,0.23995715193265368,0,0,32.59,0.08786344528198242
GYX,2026-03-11T20:04:37.144367,Experiment 2,threshold,63,DLM_2,13,B,B,1,32.59,32.59,0.23995715193265368,0,0,32.59,0.32449769973754883
GYX,2026-03-11T20:04:42.897098,Experiment 2,threshold,64,LM_C,13,B,B,1,32.59,32.59,0.23995715193265368,0,0,32.59,0.9775948524475098
GYX,2026-03-11T20:04:47.872061,Experiment 2,threshold,65,LM_L,13,A,A,1,53.83,43.59,0.5600164384351866,2,1,48.71,0.2516200542449951
GYX,2026-03-11T20:04:53.001084,Experiment 2,threshold,66,ULM_L,14,A,A,1,32.59,32.59,0.23995715193265368,0,0,32.59,0.3094198703765869
GYX,2026-03-11T20:04:58.278699,Experiment 2,threshold,67,DLM_3,14,A,A,1,32.59,32.59,0.23995715193265368,0,0,32.59,0.4531586170196533
GYX,2026-03-11T20:05:03.392920,Experiment 2,threshold,68,DLM_2,14,A,A,1,32.59,32.59,0.23995715193265368,0,0,32.59,0.3447906970977783
GYX,2026-03-11T20:05:10.040249,Experiment 2,threshold,69,LM_C,14,A,A,1,32.59,32.59,0.23995715193265368,0,0,32.59,1.8087918758392334
GYX,2026-03-11T20:05:15.255815,Experiment 2,threshold,70,LM_L,14,A,A,1,43.59,43.59,0.39999109940126676,2,0,48.71,0.28540778160095215
GYX,2026-03-11T20:05:20.463028,Experiment 2,threshold,71,ULM_L,15,B,B,1,32.59,18.26,0.23995715193265368,0,0,18.26,0.4790189266204834
GYX,2026-03-11T20:05:25.623512,Experiment 2,threshold,72,DLM_3,15,A,A,1,32.59,18.26,0.23995715193265368,0,0,18.26,0.280376672744751
GYX,2026-03-11T20:05:30.840038,Experiment 2,threshold,73,DLM_2,15,A,A,1,32.59,18.26,0.23995715193265368,0,0,18.26,0.2967395782470703
GYX,2026-03-11T20:05:35.983753,Experiment 2,threshold,74,LM_C,15,B,B,1,32.59,18.26,0.23995715193265368,0,0,18.26,0.29645323753356934
GYX,2026-03-11T20:05:41.727729,Experiment 2,threshold,75,LM_L,15,A,A,1,43.59,43.59,0.39999109940126676,2,0,48.71,0.32215332984924316
GYX,2026-03-11T20:05:46.944044,Experiment 2,threshold,76,ULM_L,16,B,B,1,18.26,18.26,0.08003845029493402,0,0,18.26,0.31376028060913086
GYX,2026-03-11T20:05:52.919760,Experiment 2,threshold,77,DLM_3,16,A,B,0,18.26,32.59,0.08003845029493402,1,1,18.26,1.156806230545044
GYX,2026-03-11T20:05:59.024420,Experiment 2,threshold,78,DLM_2,16,B,B,1,18.26,18.26,0.08003845029493402,0,0,18.26,1.2305529117584229
GYX,2026-03-11T20:06:05.831993,Experiment 2,threshold,79,LM_C,16,A,A,1,18.26,18.26,0.08003845029493402,0,0,18.26,1.7634832859039307
GYX,2026-03-11T20:06:14.295808,Experiment 2,threshold,80,LM_L,16,B,B,1,43.59,38.28,0.39999109940126676,2,0,48.71,2.443098306655884
GYX,2026-03-11T20:06:20.095738,Experiment 2,threshold,81,ULM_L,17,B,B,1,18.26,18.26,0.08003845029493402,0,0,18.26,0.8901410102844238
GYX,2026-03-11T20:06:25.095847,Experiment 2,threshold,82,DLM_3,17,B,B,1,32.59,32.59,0.23995715193265368,1,0,18.26,0.2290489673614502
GYX,2026-03-11T20:06:31.704797,Experiment 2,threshold,83,DLM_2,17,B,B,1,18.26,18.26,0.08003845029493402,0,0,18.26,1.7524724006652832
GYX,2026-03-11T20:06:38.456850,Experiment 2,threshold,84,LM_C,17,A,A,1,18.26,18.26,0.08003845029493402,0,0,18.26,1.8349413871765137
GYX,2026-03-11T20:06:43.655795,Experiment 2,threshold,85,LM_L,17,B,B,1,38.28,38.28,0.32003416260049483,2,0,48.71,0.43065810203552246
GYX,2026-03-11T20:06:50.016264,Experiment 2,threshold,86,ULM_L,18,B,A,0,18.26,32.59,0.08003845029493402,1,1,18.26,1.5689830780029297
GYX,2026-03-11T20:06:55.864327,Experiment 2,threshold,87,DLM_3,18,B,A,0,32.59,43.59,0.23995715193265368,1,0,18.26,1.0618765354156494
GYX,2026-03-11T20:07:02.911480,Experiment 2,threshold,88,DLM_2,18,A,B,0,18.26,32.59,0.08003845029493402,1,1,18.26,1.5244622230529785
GYX,2026-03-11T20:07:10.808780,Experiment 2,threshold,89,LM_C,18,B,B,1,18.26,0.0,0.08003845029493402,0,0,0.0,2.414323091506958
GYX,2026-03-11T20:07:16.448122,Experiment 2,threshold,90,LM_L,18,A,A,1,38.28,38.28,0.32003416260049483,2,0,48.71,0.33948636054992676
GYX,2026-03-11T20:07:21.767736,Experiment 2,threshold,91,ULM_L,19,A,A,1,32.59,32.59,0.23995715193265368,1,0,18.26,0.27600741386413574
GYX,2026-03-11T20:07:26.919509,Experiment 2,threshold,92,DLM_3,19,B,B,1,43.59,43.59,0.39999109940126676,1,0,18.26,0.2731647491455078
GYX,2026-03-11T20:07:31.936557,Experiment 2,threshold,93,DLM_2,19,A,A,1,32.59,32.59,0.23995715193265368,1,0,18.26,0.3370480537414551
GYX,2026-03-11T20:07:37.367604,Experiment 2,threshold,94,LM_C,19,B,B,1,0.0,0.0,0.0,0,0,0.0,0.650799036026001
GYX,2026-03-11T20:07:42.719982,Experiment 2,threshold,95,LM_L,19,A,A,1,38.28,32.59,0.32003416260049483,2,0,48.71,0.29616570472717285
GYX,2026-03-11T20:07:47.759642,Experiment 2,threshold,96,ULM_L,20,B,B,1,32.59,32.59,0.23995715193265368,1,0,18.26,0.27580881118774414
GYX,2026-03-11T20:07:52.904367,Experiment 2,threshold,97,DLM_3,20,A,A,1,43.59,43.59,0.39999109940126676,1,0,18.26,0.3063392639160156
GYX,2026-03-11T20:07:58.175784,Experiment 2,threshold,98,DLM_2,20,B,B,1,32.59,32.59,0.23995715193265368,1,0,18.26,0.28592562675476074
GYX,2026-03-11T20:08:04.552331,Experiment 2,threshold,99,LM_C,20,A,A,1,0.0,0.0,0.0,0,0,0.0,1.386650562286377
GYX,2026-03-11T20:08:10.759737,Experiment 2,threshold,100,LM_L,20,B,A,0,32.59,38.28,0.23995715193265368,3,1,43.3367,1.197510004043579
GYX,2026-03-11T20:08:16.791320,Experiment 2,threshold,101,ULM_L,21,B,A,0,32.59,43.59,0.23995715193265368,1,0,18.26,0.8942806720733643
GYX,2026-03-11T20:08:22.040476,Experiment 2,threshold,102,DLM_3,21,A,A,1,43.59,32.59,0.39999109940126676,2,1,30.925,0.2673676013946533
GYX,2026-03-11T20:08:27.352393,Experiment 2,threshold,103,DLM_2,21,B,B,1,32.59,18.26,0.23995715193265368,2,1,25.425,0.42734479904174805
GYX,2026-03-11T20:08:34.775661,Experiment 2,threshold,104,LM_C,21,A,B,0,0.0,26.2,0.0,1,1,0.0,1.1751220226287842
GYX,2026-03-11T20:08:40.591978,Experiment 2,threshold,105,LM_L,21,B,B,1,38.28,38.28,0.32003416260049483,3,0,43.3367,0.30341625213623047
GYX,2026-03-11T20:08:45.816462,Experiment 2,threshold,106,ULM_L,22,B,B,1,43.59,43.59,0.39999109940126676,1,0,18.26,0.4410405158996582
GYX,2026-03-11T20:08:50.968251,Experiment 2,threshold,107,DLM_3,22,A,A,1,32.59,32.59,0.23995715193265368,2,0,30.925,0.2629256248474121
GYX,2026-03-11T20:08:57.448428,Experiment 2,threshold,108,DLM_2,22,B,B,1,18.26,18.26,0.08003845029493402,2,0,25.425,1.5779829025268555
GYX,2026-03-11T20:09:03.551720,Experiment 2,threshold,109,LM_C,22,A,A,1,26.2,26.2,0.16002331063879038,1,0,0.0,1.300039529800415
GYX,2026-03-11T20:09:10.231308,Experiment 2,threshold,110,LM_L,22,B,B,1,38.28,38.28,0.32003416260049483,3,0,43.3367,1.8847718238830566
GYX,2026-03-11T20:09:15.416047,Experiment 2,threshold,111,ULM_L,23,A,A,1,43.59,43.59,0.39999109940126676,1,0,18.26,0.3020939826965332
GYX,2026-03-11T20:09:20.575320,Experiment 2,threshold,112,DLM_3,23,B,B,1,32.59,32.59,0.23995715193265368,2,0,30.925,0.35457420349121094
GYX,2026-03-11T20:09:27.552167,Experiment 2,threshold,113,DLM_2,23,B,A,0,18.26,26.2,0.08003845029493402,3,1,23.0367,1.511603593826294
GYX,2026-03-11T20:09:32.760022,Experiment 2,threshold,114,LM_C,23,A,A,1,26.2,26.2,0.16002331063879038,1,0,0.0,0.2983214855194092
GYX,2026-03-11T20:09:37.679790,Experiment 2,threshold,115,LM_L,23,A,A,1,38.28,32.59,0.32003416260049483,4,1,42.0725,0.13932228088378906
GYX,2026-03-11T20:09:42.727769,Experiment 2,threshold,116,ULM_L,24,A,A,1,43.59,32.59,0.39999109940126676,2,1,30.925,0.11107254028320312
GYX,2026-03-11T20:09:48.015442,Experiment 2,threshold,117,DLM_3,24,B,A,0,32.59,38.28,0.23995715193265368,3,1,31.48,0.3467276096343994
GYX,2026-03-11T20:09:53.872067,Experiment 2,threshold,118,DLM_2,24,A,A,1,26.2,26.2,0.16002331063879038,3,0,23.0367,1.061032772064209
GYX,2026-03-11T20:09:58.999311,Experiment 2,threshold,119,LM_C,24,A,A,1,26.2,0.0,0.16002331063879038,2,1,13.1,0.29263949394226074
GYX,2026-03-11T20:10:04.159904,Experiment 2,threshold,120,LM_L,24,A,A,1,32.59,32.59,0.23995715193265368,4,0,42.0725,0.29599833488464355
GYX,2026-03-11T20:10:09.415531,Experiment 2,threshold,121,ULM_L,25,A,A,1,32.59,32.59,0.23995715193265368,2,0,30.925,0.2909245491027832
GYX,2026-03-11T20:10:14.479430,Experiment 2,threshold,122,DLM_3,25,B,B,1,38.28,38.28,0.32003416260049483,3,0,31.48,0.28728318214416504
GYX,2026-03-11T20:10:19.839853,Experiment 2,threshold,123,DLM_2,25,B,B,1,26.2,26.2,0.16002331063879038,3,0,23.0367,0.6203420162200928
GYX,2026-03-11T20:10:25.160061,Experiment 2,threshold,124,LM_C,25,B,B,1,0.0,0.0,0.0,2,0,13.1,0.5535647869110107
GYX,2026-03-11T20:10:30.335698,Experiment 2,threshold,125,LM_L,25,A,A,1,32.59,32.59,0.23995715193265368,4,0,42.0725,0.32624316215515137
GYX,2026-03-11T20:10:35.424247,Experiment 2,threshold,126,ULM_L,26,B,B,1,32.59,32.59,0.23995715193265368,2,0,30.925,0.25300168991088867
GYX,2026-03-11T20:10:40.519106,Experiment 2,threshold,127,DLM_3,26,A,A,1,38.28,38.28,0.32003416260049483,3,0,31.48,0.29467344284057617
GYX,2026-03-11T20:10:47.591754,Experiment 2,threshold,128,DLM_2,26,B,A,0,26.2,32.59,0.16002331063879038,3,0,23.0367,2.275312662124634
GYX,2026-03-11T20:10:55.215415,Experiment 2,threshold,129,LM_C,26,A,A,1,0.0,0.0,0.0,2,0,13.1,2.6005260944366455
GYX,2026-03-11T20:11:00.663806,Experiment 2,threshold,130,LM_L,26,B,A,0,32.59,38.28,0.23995715193265368,5,1,39.3225,0.44844913482666016
GYX,2026-03-11T20:11:05.943374,Experiment 2,threshold,131,ULM_L,27,A,A,1,32.59,26.2,0.23995715193265368,2,0,30.925,0.27323031425476074
GYX,2026-03-11T20:11:12.663629,Experiment 2,threshold,132,DLM_3,27,A,A,1,38.28,32.59,0.32003416260049483,4,1,33.18,0.2987656593322754
GYX,2026-03-11T20:11:17.792173,Experiment 2,threshold,133,DLM_2,27,A,A,1,32.59,32.59,0.23995715193265368,3,0,23.0367,0.3007652759552002
GYX,2026-03-11T20:11:22.976155,Experiment 2,threshold,134,LM_C,27,A,B,0,0.0,18.26,0.0,3,1,8.7333,0.35953569412231445
GYX,2026-03-11T20:11:28.119678,Experiment 2,threshold,135,LM_L,27,A,A,1,38.28,38.28,0.32003416260049483,5,0,39.3225,0.32879209518432617
GYX,2026-03-11T20:11:33.533840,Experiment 2,threshold,136,ULM_L,28,A,A,1,26.2,26.2,0.16002331063879038,2,0,30.925,0.5280361175537109
GYX,2026-03-11T20:11:39.440090,Experiment 2,threshold,137,DLM_3,28,A,A,1,32.59,32.59,0.23995715193265368,4,0,33.18,0.2848246097564697
GYX,2026-03-11T20:11:44.496124,Experiment 2,threshold,138,DLM_2,28,A,A,1,32.59,32.59,0.23995715193265368,3,0,23.0367,0.33139896392822266
GYX,2026-03-11T20:11:50.719667,Experiment 2,threshold,139,LM_C,28,B,B,1,18.26,18.26,0.08003845029493402,3,0,8.7333,1.3183135986328125
GYX,2026-03-11T20:11:55.815588,Experiment 2,threshold,140,LM_L,28,B,B,1,38.28,38.28,0.32003416260049483,5,0,39.3225,0.30088043212890625
GYX,2026-03-11T20:12:00.750541,Experiment 2,threshold,141,ULM_L,29,B,B,1,26.2,26.2,0.16002331063879038,2,0,30.925,0.18774747848510742
GYX,2026-03-11T20:12:06.055827,Experiment 2,threshold,142,DLM_3,29,B,B,1,32.59,32.59,0.23995715193265368,4,0,33.18,0.41048479080200195
GYX,2026-03-11T20:12:11.551481,Experiment 2,threshold,143,DLM_2,29,B,B,1,32.59,26.2,0.23995715193265368,4,1,25.425,0.6945128440856934
GYX,2026-03-11T20:12:17.422824,Experiment 2,threshold,144,LM_C,29,A,A,1,18.26,18.26,0.08003845029493402,3,0,8.7333,1.0133492946624756
GYX,2026-03-11T20:12:22.487004,Experiment 2,threshold,145,LM_L,29,A,A,1,38.28,32.59,0.32003416260049483,6,1,35.435,0.261974573135376
GYX,2026-03-11T20:12:27.550929,Experiment 2,threshold,146,ULM_L,30,B,B,1,26.2,18.26,0.16002331063879038,2,0,30.925,0.2784707546234131
GYX,2026-03-11T20:12:32.591403,Experiment 2,threshold,147,DLM_3,30,A,A,1,32.59,26.2,0.23995715193265368,4,0,33.18,0.2826521396636963
GYX,2026-03-11T20:12:37.407693,Experiment 2,threshold,148,DLM_2,30,A,A,1,26.2,26.2,0.16002331063879038,4,0,25.425,0.12499690055847168
GYX,2026-03-11T20:12:42.584729,Experiment 2,threshold,149,LM_C,30,A,B,0,18.26,26.2,0.08003845029493402,3,0,8.7333,0.27361559867858887
GYX,2026-03-11T20:12:48.383641,Experiment 2,threshold,150,ULM_L,31,B,A,0,18.26,26.2,0.08003845029493402,3,1,26.7033,0.931220293045044
GYX,2026-03-11T20:12:53.526983,Experiment 2,threshold,151,DLM_3,31,B,B,1,26.2,26.2,0.16002331063879038,4,0,33.18,0.2735931873321533
GYX,2026-03-11T20:12:59.135130,Experiment 2,threshold,152,DLM_2,31,B,B,1,26.2,26.2,0.16002331063879038,4,0,25.425,0.7107217311859131
GYX,2026-03-11T20:13:04.790875,Experiment 2,threshold,153,LM_C,31,B,A,0,26.2,32.59,0.16002331063879038,3,0,8.7333,0.9266071319580078
GYX,2026-03-11T20:13:09.871153,Experiment 2,threshold,154,ULM_L,32,A,A,1,26.2,26.2,0.16002331063879038,3,0,26.7033,0.272158145904541
GYX,2026-03-11T20:13:15.502806,Experiment 2,threshold,155,DLM_3,32,A,A,1,26.2,26.2,0.16002331063879038,4,0,33.18,0.7111508846282959
GYX,2026-03-11T20:13:22.734756,Experiment 2,threshold,156,DLM_2,32,B,A,0,26.2,32.59,0.16002331063879038,5,1,27.41,0.7197306156158447
GYX,2026-03-11T20:13:28.599146,Experiment 2,threshold,157,LM_C,32,B,B,1,32.59,32.59,0.23995715193265368,3,0,8.7333,1.0938303470611572
GYX,2026-03-11T20:13:34.703261,Experiment 2,threshold,158,ULM_L,33,A,A,1,26.2,26.2,0.16002331063879038,3,0,26.7033,1.2255744934082031
GYX,2026-03-11T20:13:40.182970,Experiment 2,threshold,159,DLM_3,33,B,B,1,26.2,18.26,0.16002331063879038,4,0,33.18,0.47458362579345703
GYX,2026-03-11T20:13:45.631380,Experiment 2,threshold,160,DLM_2,33,A,A,1,32.59,32.59,0.23995715193265368,5,0,27.41,0.29030442237854004
GYX,2026-03-11T20:13:51.079720,Experiment 2,threshold,161,LM_C,33,A,A,1,32.59,32.59,0.23995715193265368,3,0,8.7333,0.5177645683288574
GYX,2026-03-11T20:13:57.535021,Experiment 2,threshold,162,ULM_L,34,A,A,1,26.2,18.26,0.16002331063879038,4,1,26.5775,1.4292423725128174
GYX,2026-03-11T20:14:02.663461,Experiment 2,threshold,163,DLM_3,34,A,B,0,18.26,26.2,0.08003845029493402,5,1,33.18,0.347637414932251
GYX,2026-03-11T20:14:07.991849,Experiment 2,threshold,164,DLM_2,34,A,A,1,32.59,32.59,0.23995715193265368,5,0,27.41,0.36362576484680176
GYX,2026-03-11T20:14:13.175956,Experiment 2,threshold,165,LM_C,34,A,A,1,32.59,26.2,0.23995715193265368,4,1,14.6975,0.30313944816589355
GYX,2026-03-11T20:14:19.382816,Experiment 2,threshold,166,ULM_L,35,B,A,0,18.26,26.2,0.08003845029493402,5,1,26.5775,1.351484775543213
GYX,2026-03-11T20:14:26.223450,Experiment 2,threshold,167,DLM_3,35,A,A,1,26.2,26.2,0.16002331063879038,5,0,33.18,2.103416681289673
GYX,2026-03-11T20:14:31.591446,Experiment 2,threshold,168,DLM_2,35,A,A,1,32.59,26.2,0.23995715193265368,6,1,27.41,0.2885162830352783
GYX,2026-03-11T20:14:37.766641,Experiment 2,threshold,169,LM_C,35,A,A,1,26.2,26.2,0.16002331063879038,4,0,14.6975,1.1153678894042969
GYX,2026-03-11T20:14:42.847823,Experiment 2,threshold,170,ULM_L,36,A,A,1,26.2,26.2,0.16002331063879038,5,0,26.5775,0.2746608257293701
GYX,2026-03-11T20:14:50.303454,Experiment 2,threshold,171,DLM_3,36,B,B,1,26.2,26.2,0.16002331063879038,5,0,33.18,1.172971248626709
GYX,2026-03-11T20:14:56.174277,Experiment 2,threshold,172,LM_C,36,B,A,0,26.2,32.59,0.16002331063879038,5,1,21.2475,0.9609415531158447
GYX,2026-03-11T20:15:01.670228,Experiment 2,threshold,173,ULM_L,37,B,B,1,26.2,26.2,0.16002331063879038,5,0,26.5775,0.6730630397796631
GYX,2026-03-11T20:15:07.454812,Experiment 2,threshold,174,DLM_3,37,B,A,0,26.2,32.59,0.16002331063879038,5,0,33.18,0.8832337856292725
GYX,2026-03-11T20:15:12.526543,Experiment 2,threshold,175,LM_C,37,A,A,1,32.59,32.59,0.23995715193265368,5,0,21.2475,0.0541534423828125
GYX,2026-03-11T20:15:18.558275,Experiment 2,threshold,176,ULM_L,38,B,B,1,26.2,18.26,0.16002331063879038,6,1,22.23,1.1913645267486572
GYX,2026-03-11T20:15:24.014285,Experiment 2,threshold,177,DLM_3,38,B,B,1,32.59,32.59,0.23995715193265368,5,0,33.18,0.6131649017333984
GYX,2026-03-11T20:15:30.375242,Experiment 2,threshold,178,LM_C,38,B,A,0,32.59,38.28,0.23995715193265368,5,0,21.2475,1.4638683795928955
GYX,2026-03-11T20:15:35.575329,Experiment 2,threshold,179,DLM_3,39,B,B,1,32.59,32.59,0.23995715193265368,5,0,33.18,0.3145108222961426
GYX,2026-03-11T20:15:40.829524,Experiment 2,threshold,180,LM_C,39,A,A,1,38.28,38.28,0.32003416260049483,5,0,21.2475,0.35712575912475586
GYX,2026-03-11T20:15:45.927058,Experiment 2,threshold,181,DLM_3,40,A,A,1,32.59,26.2,0.23995715193265368,6,1,30.43,0.26637864112854004
GYX,2026-03-11T20:15:51.126610,Experiment 2,threshold,182,LM_C,40,B,B,1,38.28,38.28,0.32003416260049483,5,0,21.2475,0.3446810245513916
